{
	"info": {
		"_postman_id": "5294d7ed-2b6c-4b28-91be-8b4a78b5b61d",
		"name": "FSJS Techdegree: REST API Project",
		"schema": "https://schema.getpostman.com/json/collection/v2.1.0/collection.json"
	},
	"item": [
		{
			"name": "Get Courses",
			"request": {
				"method": "GET",
				"header": [
					{
						"key": "Content-Type",
						"value": "application/json"
					}
				],
				"url": {
					"raw": "localhost:5000/api/courses",
					"host": [
						"localhost"
					],
					"port": "5000",
					"path": [
						"api",
						"courses"
					]
				}
			},
			"response": []
		},
		{
			"name": "Get Course",
			"request": {
				"method": "GET",
				"header": [
					{
						"key": "Content-Type",
						"value": "application/json"
					}
				],
				"url": {
					"raw": "localhost:5000/api/courses/1",
					"host": [
						"localhost"
					],
					"port": "5000",
					"path": [
						"api",
						"courses",
						"1"
					]
				}
			},
			"response": []
		},
		{
			"name": "Create User (Incomplete Data)",
			"request": {
				"method": "POST",
				"header": [
					{
						"key": "Content-Type",
						"value": "application/json"
					}
				],
				"body": {
					"mode": "raw",
					"raw": "{}"
				},
				"url": {
					"raw": "http://localhost:5000/api/users",
					"protocol": "http",
					"host": [
						"localhost"
					],
					"port": "5000",
					"path": [
						"api",
						"users"
					]
				}
			},
			"response": []
		},
		{
			"name": "Create User",
			"request": {
				"method": "POST",
				"header": [
					{
						"key": "Content-Type",
						"value": "application/json"
					}
				],
				"body": {
					"mode": "raw",
					"raw": "{\n    \"firstName\": \"John\",\n    \"lastName\": \"Smith\",\n    \"emailAddress\": \"john@smith.com\",\n    \"password\": \"password\"\n}"
				},
				"url": {
					"raw": "http://localhost:5000/api/users",
					"protocol": "http",
					"host": [
						"localhost"
					],
					"port": "5000",
					"path": [
						"api",
						"users"
					]
				}
			},
			"response": []
		},
		{
			"name": "Create User (Existing Email Address)",
			"request": {
				"method": "POST",
				"header": [
					{
						"key": "Content-Type",
						"value": "application/json"
					}
				],
				"body": {
					"mode": "raw",
					"raw": "{\n    \"firstName\": \"John\",\n    \"lastName\": \"Smith\",\n    \"emailAddress\": \"john@smith.com\",\n    \"password\": \"password\"\n}"
				},
				"url": {
					"raw": "http://localhost:5000/api/users",
					"protocol": "http",
					"host": [
						"localhost"
					],
					"port": "5000",
					"path": [
						"api",
						"users"
					]
				}
			},
			"response": []
		},
		{
			"name": "Get Users (No Auth)",
			"request": {
				"method": "GET",
				"header": [],
				"url": {
					"raw": "http://localhost:5000/api/users",
					"protocol": "http",
					"host": [
						"localhost"
					],
					"port": "5000",
					"path": [
						"api",
						"users"
					]
				}
			},
			"response": []
		},
		{
			"name": "Get Users (With Auth)",
			"request": {
				"auth": {
					"type": "basic",
					"basic": [
						{
							"key": "password",
							"value": "joepassword",
							"type": "string"
						},
						{
							"key": "username",
							"value": "joe@smith.com",
							"type": "string"
						}
					]
				},
				"method": "GET",
				"header": [],
				"url": {
					"raw": "http://localhost:5000/api/users",
					"protocol": "http",
					"host": [
						"localhost"
					],
					"port": "5000",
					"path": [
						"api",
						"users"
					]
				}
			},
			"response": []
		},
		{
			"name": "Create Course (No Auth, Incomplete Data)",
			"request": {
				"method": "POST",
				"header": [
					{
						"key": "Content-Type",
						"value": "application/json"
					}
				],
				"body": {
					"mode": "raw",
					"raw": "{}"
				},
				"url": {
					"raw": "localhost:5000/api/courses",
					"host": [
						"localhost"
					],
					"port": "5000",
					"path": [
						"api",
						"courses"
					]
				}
			},
			"response": []
		},
		{
			"name": "Create Course (Incomplete Data)",
			"request": {
				"auth": {
					"type": "basic",
					"basic": [
						{
							"key": "password",
							"value": "joepassword",
							"type": "string"
						},
						{
							"key": "username",
							"value": "joe@smith.com",
							"type": "string"
						}
					]
				},
				"method": "POST",
				"header": [
					{
						"key": "Content-Type",
						"value": "application/json"
					}
				],
				"body": {
					"mode": "raw",
					"raw": "{}"
				},
				"url": {
					"raw": "localhost:5000/api/courses",
					"host": [
						"localhost"
					],
					"port": "5000",
					"path": [
						"api",
						"courses"
					]
				}
			},
			"response": []
		},
		{
			"name": "Create Course (Minimum Data)",
			"request": {
				"auth": {
					"type": "basic",
					"basic": [
						{
							"key": "password",
							"value": "joepassword",
							"type": "string"
						},
						{
							"key": "username",
							"value": "joe@smith.com",
							"type": "string"
						}
					]
				},
				"method": "POST",
				"header": [
					{
						"key": "Content-Type",
						"value": "application/json"
					}
				],
				"body": {
					"mode": "raw",
					"raw": "{\n    \"title\": \"New Course\",\n    \"description\": \"My course description\",\n    \"userId\": 1\n}"
				},
				"url": {
					"raw": "localhost:5000/api/courses",
					"host": [
						"localhost"
					],
					"port": "5000",
					"path": [
						"api",
						"courses"
					]
				}
			},
			"response": []
		},
		{
			"name": "Update Course (No Auth, Incomplete Data)",
			"request": {
				"method": "PUT",
				"header": [
					{
						"key": "Content-Type",
						"name": "Content-Type",
						"value": "application/json",
						"type": "text"
					}
				],
				"body": {
					"mode": "raw",
					"raw": "{}"
				},
				"url": {
					"raw": "localhost:5000/api/courses/1",
					"host": [
						"localhost"
					],
					"port": "5000",
					"path": [
						"api",
						"courses",
						"1"
					]
				}
			},
			"response": []
		},
		{
			"name": "Update Course (Incomplete Data)",
			"request": {
				"auth": {
					"type": "basic",
					"basic": [
						{
							"key": "password",
							"value": "joepassword",
							"type": "string"
						},
						{
							"key": "username",
							"value": "joe@smith.com",
							"type": "string"
						}
					]
				},
				"method": "PUT",
				"header": [
					{
						"key": "Content-Type",
						"name": "Content-Type",
						"value": "application/json",
						"type": "text"
					}
				],
				"body": {
					"mode": "raw",
					"raw": "{\n\t\"title\": \"\",\n    \"description\": \"\"\n}"
				},
				"url": {
					"raw": "localhost:5000/api/courses/1",
					"host": [
						"localhost"
					],
					"port": "5000",
					"path": [
						"api",
						"courses",
						"1"
					]
				}
			},
			"response": []
		},
		{
			"name": "Update Course (Minimum Data)",
			"request": {
				"auth": {
					"type": "basic",
					"basic": [
						{
							"key": "password",
							"value": "joepassword",
							"type": "string"
						},
						{
							"key": "username",
							"value": "joe@smith.com",
							"type": "string"
						}
					]
				},
				"method": "PUT",
				"header": [
					{
						"key": "Content-Type",
						"value": "application/json"
					}
				],
				"body": {
					"mode": "raw",
					"raw": "{\n\t\"id\": 1,\n    \"title\": \"New Course Updated Again Hello\",\n    \"description\": \"My course description. And again.\",\n    \"userId\": 1\n}"
				},
				"url": {
					"raw": "localhost:5000/api/courses/1",
					"host": [
						"localhost"
					],
					"port": "5000",
					"path": [
						"api",
						"courses",
						"1"
					]
				}
			},
			"response": []
		},
		{
			"name": "Delete Course (No Auth)",
			"request": {
				"auth": {
					"type": "noauth"
				},
				"method": "DELETE",
				"header": [
					{
						"key": "Content-Type",
						"value": "application/json"
					}
				],
				"url": {
					"raw": "localhost:5000/api/courses/1",
					"host": [
						"localhost"
					],
					"port": "5000",
					"path": [
						"api",
						"courses",
						"1"
					]
				}
			},
			"response": []
		},
		{
			"name": "Delete Course (With Auth)",
			"request": {
				"auth": {
					"type": "basic",
					"basic": [
						{
							"key": "password",
							"value": "joepassword",
							"type": "string"
						},
						{
							"key": "username",
							"value": "joe@smith.com",
							"type": "string"
						}
					]
				},
				"method": "DELETE",
				"header": [
					{
						"key": "Content-Type",
						"value": "application/json"
					}
				],
				"url": {
					"raw": "localhost:5000/api/courses/1",
					"host": [
						"localhost"
					],
					"port": "5000",
					"path": [
						"api",
						"courses",
						"1"
					]
				}
			},
			"response": []
		}
	]
}